sl_no,bm_number,actual_range_km,category
1,BM221,62.0496,C
2,BM304,69.7872,C
3,BM088,70.0848,C
4,BM057,80.0544,C
5,BM224,84.3696,C
6,BM218,87.1968,C
7,BM296,91.9035,C
8,BM082,92.504,C
9,BM012,92.9117,C
10,BM225,93.248,C
11,BM260,95.0005,C
12,BM288,97.1978,C
13,BM005,98.4861,C
14,BM185,99.6464,C
15,BM032,100.1903,C
16,BM068,100.2717,C
17,BM004,103.2424,C
18,BM024,103.8798,C
19,BM261,104.3467,C
20,BM227,104.8065,C
21,BM002,105.2742,C
22,BM119,105.5034,C
23,BM208,106.0548,B
24,BM204,106.0933,B
25,BM038,106.6949,B
26,BM001,106.8782,B
27,BM010,107.6771,B
28,BM298,107.7475,B
29,BM238,107.9307,B
30,BM003,108.6966,B
31,BM265,109.368,B
32,BM283,109.4739,B
33,BM086,109.5181,B
34,BM081,109.7648,B
35,BM285,109.864,B
36,BM116,110.0128,B
37,BM257,110.4592,B
38,BM205,110.7072,B
39,BM183,110.8064,B
40,BM062,111.8532,B
41,BM259,112.1952,B
42,BM075,112.2428,B
43,BM212,112.6416,B
44,BM213,113.1872,B
45,BM245,114.08,B
46,BM289,114.1296,B
47,BM271,114.2784,B
48,BM207,114.7744,B
49,BM200,114.7744,B
50,BM290,114.8736,B
51,BM210,115.1712,B
52,BM157,115.1917,B
53,BM300,115.2208,B
54,BM199,115.4192,B
55,BM191,115.4914,B
56,BM058,115.5469,B
57,BM278,115.6176,B
58,BM292,116.1632,B
59,BM202,116.2128,B
60,BM220,116.4608,B
61,BM267,116.6958,B
62,BM217,116.7584,B
63,BM174,117.304,B
64,BM020,117.552,B
65,BM153,117.6711,B
66,BM277,117.8172,B
67,BM291,117.8496,B
68,BM151,118.048,B
69,BM295,118.0579,B
70,BM033,118.2633,B
71,BM124,118.4319,B
72,BM275,118.7424,B
73,BM216,118.7424,B
74,BM052,118.8912,B
75,BM054,118.8912,B
76,BM215,119.1392,B
77,BM219,119.4368,B
78,BM198,119.4864,B
79,BM222,119.659,B
80,BM269,120.4289,B
81,BM187,120.528,B
82,BM019,121.2517,A
83,BM201,121.3216,A
84,BM206,121.4208,A
85,BM294,121.5535,A
86,BM287,121.5695,A
87,BM107,121.6192,A
88,BM209,121.8672,A
89,BM080,122.1635,A
90,BM268,122.264,A
91,BM240,122.3221,A
92,BM255,122.5616,A
93,BM276,122.6051,A
94,BM303,122.6983,A
95,BM152,123.0032,A
96,BM281,123.008,A
97,BM274,123.256,A
98,BM253,123.4715,A
99,BM263,123.5149,A
100,BM279,123.5467,A
101,BM249,123.7541,A
102,BM286,124.0992,A
103,BM193,124.1956,A
104,BM056,124.6589,A
105,BM297,124.6615,A
106,BM214,125.3685,A
107,BM250,125.488,A
108,BM197,126.5555,A
109,BM284,126.8361,A
110,BM258,127.1182,A
111,BM280,128.4604,A
112,BM203,129.2094,A
113,BM272,129.3054,A
114,BM256,130.2838,A
115,BM282,130.4269,A
116,BM248,130.506,A
117,BM293,132.1344,A
118,BM299,133.9696,A
119,BM264,134.5998,A
120,BM223,134.6413,A
121,BM239,135.1317,A
122,BM273,136.3438,A
