shift,schedule_id,route,route_length_km,no_of_rest,cum_time,charging_occ,no_charging_occ_per_sched,route_length_per_sched_km,dead_km,actual_km,single_charge_req_km,category,remarks
General shift,500DC/14,500DC,171.4,1,10:30:00,1,1,171.4,17.14,188.54,91.9,Standard,
General shift,500DC/15,500DC,171.4,1,10:30:00,1,1,171.4,17.14,188.54,91.9,Standard,
General shift,600F/16,600F,143.6,1,09:45:00,0,0,143.6,14.36,157.96,100.6,Standard,
General shift,600F/17,600F,143.6,1,09:35:00,0,0,143.6,14.36,157.96,100.6,Standard,
General shift,600F/21,600F,143.6,1,09:35:00,0,0,143.6,14.36,157.96,100.6,Standard,
General shift,600F/26,600F,143.6,1,09:45:00,0,0,143.6,14.36,157.96,100.6,Standard,
General shift,600F/27,600F,143.6,0,09:35:00,0,0,143.6,14.36,157.96,100.6,Standard,
General shift,600F/3,600F,143.6,1,09:45:00,0,0,143.6,14.36,157.96,100.6,Standard,
General shift,600F/42,600F,143.6,1,09:45:00,0,0,143.6,14.36,157.96,100.6,Standard,
General shift,600F/43,600F,143.6,1,09:35:00,0,0,143.6,14.36,157.96,100.6,Standard,
General shift,600F/45,600F,143.6,1,09:45:00,0,0,143.6,14.36,157.96,100.6,Standard,
General shift,KBS3F/11,KBS3F,190.8,0,10:10:00,1,1,190.8,19.08,209.88,101.6,Standard,
General shift,KBS3F/12,KBS3F,190.8,0,10:10:00,1,1,190.8,19.08,209.88,101.6,Standard,
General shift,KBS3F/13,KBS3F,190.8,0,09:45:00,1,1,190.8,19.08,209.88,101.6,Standard,
General shift,KBS3F/14,KBS3F,190.8,1,10:05:00,1,1,190.8,19.08,209.88,101.6,Standard,To be check the actual form 4
General shift,KBS3F/7,KBS3F,203.2,0,10:20:00,1,1,203.2,20.32,223.52,101.6,Standard,
General shift,KBS3F/8,KBS3F,190.8,0,10:10:00,1,1,190.8,19.08,209.88,101.6,Standard,
General shift,600F/31,600F,151.6,1,09:35:00,0,0,151.6,15.16,166.76,108.6,Moderate,
Night Halt,328H/2,328H,290.0,2,13:05:00,1,1,145.0,14.5,159.5,109.4,Moderate,
Night Halt,328H/6,328H,290.0,2,13:20:00,1,1,145.0,14.5,159.5,109.4,Moderate,
Night Halt,328H/10,328H,300.6,2,13:50:00,2,1,150.3,15.03,165.33,110.0,Moderate,
Night Halt,328H/13,328H,298.8,1,13:50:00,1,1,149.4,14.94,164.34,110.0,Moderate,
Night Halt,328H/16,328H,300.6,1,14:35:00,2,1,150.3,15.03,165.33,110.0,Moderate,
Night Halt,328H/20,328H,298.8,2,13:55:00,1,1,149.4,14.94,164.34,110.0,Moderate,
Night Halt,328H/22,328H,300.6,1,14:45:00,2,1,150.3,15.03,165.33,110.0,Moderate,
Night Halt,328H/23,328H,300.6,2,12:45:00,2,1,150.3,15.03,165.33,110.0,Moderate,
Shift A,356Z/6,356Z,114.8,1,05:30:00,0,0,114.8,11.48,126.28,114.8,Moderate,Rest stop at 30 km Annekal
Shift A,356Z/7,356Z,114.8,1,06:20:00,0,0,114.8,11.48,126.28,114.8,Moderate,Rest stop at 30 km Annekal
Night Halt,KBS3A/2,KBS3A,231.8,2,12:40:00,0,0,115.9,11.59,127.49,115.9,Moderate,Rest Stop After 80 km at ATB
Night Halt,KBS3A/20,KBS3A,231.8,2,12:40:00,0,0,115.9,11.59,127.49,115.9,Moderate,Rest Stop After 80 km at ATB
Night Halt,KBS3A/23,KBS3A,231.8,2,12:40:00,0,0,115.9,11.59,127.49,115.9,Moderate,Rest Stop After 80 km at ATB
General shift,KBS3A/25,KBS3A,161.4,1,10:00:00,1,1,161.4,16.14,177.54,115.9,Moderate,
Night Halt,KBS3A/26,KBS3A,231.8,2,13:21:00,0,0,115.9,11.59,127.49,115.9,Moderate,Rest Stop After 80 km at ATB
General shift,KBS3A/32,KBS3A,161.4,1,10:00:00,1,1,161.4,16.14,177.54,115.9,Moderate,
General shift,KBS3A/34,KBS3A,151.1,1,09:30:00,1,1,151.1,15.11,166.21,115.9,Moderate,
General shift,KBS3A/35,KBS3A,171.7,1,10:30:00,1,1,171.7,17.17,188.87,115.9,Moderate,
General shift,KBS3A/36,KBS3A,161.4,1,10:00:00,1,1,161.4,16.14,177.54,115.9,Moderate,
General shift,KBS3A/40,KBS3A,161.4,1,10:00:00,1,1,161.4,16.14,177.54,115.9,Moderate,
General shift,KBS3A/43,KBS3A,161.4,1,09:00:00,1,1,161.4,16.14,177.54,115.9,Moderate,
General shift,KBS3A/46,KBS3A,161.4,1,10:00:00,1,1,161.4,16.14,177.54,115.9,Moderate,
General shift,KBS3A/61,KBS3A,161.4,1,10:00:00,1,1,161.4,16.14,177.54,115.9,Moderate,
General shift,KBS3A/66,KBS3A,161.4,1,10:00:00,1,1,161.4,16.14,177.54,115.9,Moderate,
General shift,KBS3A/73,KBS3A,161.4,1,10:00:00,1,1,161.4,16.14,177.54,115.9,Moderate,
Night Halt,KBS3A/77,KBS3A,231.8,2,12:40:00,0,0,115.9,11.59,127.49,115.9,Moderate,Rest Stop After 80 km at ATB
Night Halt,KBS3A/78,KBS3A,231.8,2,12:40:00,0,0,115.9,11.59,127.49,115.9,Moderate,Rest Stop After 80 km at ATB
Night Halt,KBS3A/79,KBS3A,231.8,2,12:30:00,0,0,115.9,11.59,127.49,115.9,Moderate,Rest Stop After 80 km at ATB
Night Halt,KBS3A/8,KBS3A,231.8,2,12:40:00,0,0,115.9,11.59,127.49,115.9,Moderate,Rest Stop After 80 km at ATB
Night Halt,KBS3A/80,KBS3A,231.8,2,12:40:00,0,0,115.9,11.59,127.49,115.9,Moderate,Rest Stop After 80 km at ATB
Night Halt,KBS3A/9,KBS3A,231.8,2,12:40:00,0,0,115.9,11.59,127.49,115.9,Moderate,Rest Stop After 80 km at ATB
General shift,500DC/12,500DC,171.4,1,10:30:00,1,1,171.4,17.14,188.54,116.5,Moderate,
General shift,500DC/13,500DC,171.4,1,10:30:00,1,1,171.4,17.14,188.54,116.5,Moderate,
General shift,360K/10,360K,163.8,1,10:00:00,1,1,163.8,16.38,180.18,117.7,Complex,
General shift,360K/11,360K,163.8,1,10:00:00,1,1,163.8,16.38,180.18,117.7,Complex,
General shift,360K/12,360K,163.8,1,09:55:00,1,1,163.8,16.38,180.18,117.7,Complex,
General shift,360K/20,360K,163.8,1,10:00:00,1,1,163.8,16.38,180.18,117.7,Complex,
General shift,360K/26,360K,163.8,1,10:00:00,1,1,163.8,16.38,180.18,117.7,Complex,
General shift,360K/33,360K,163.8,1,10:00:00,1,1,163.8,16.38,180.18,117.7,Complex,
General shift,360K/34,360K,163.8,1,12:05:00,1,1,163.8,16.38,180.18,117.7,Complex,
General shift,360K/5,360K,163.8,1,10:00:00,1,1,163.8,16.38,180.18,117.7,Complex,
Night Halt,600F/32,600F,238.4,2,13:40:00,0,0,119.2,11.92,131.12,119.2,Complex,Rest stop at ATB 68 km
Night Halt,600F/49,600F,238.4,2,13:45:00,0,0,119.2,11.92,131.12,119.2,Complex,Rest stop at ATB 68 km
Night Halt,600F/5,600F,238.4,2,13:45:00,0,0,119.2,11.92,131.12,119.2,Complex,Rest stop at ATB 68 km
Night Halt,600F/51,600F,238.4,2,13:45:00,0,0,119.2,11.92,131.12,119.2,Complex,Rest stop at ATB 68 km
Night Halt,600F/52,600F,238.4,2,13:45:00,0,0,119.2,11.92,131.12,119.2,Complex,Rest stop at ATB 68 km
Shift A,600F/53,600F,119.2,1,06:45:00,0,0,119.2,11.92,131.12,119.2,Complex,Rest stop after 80 at Banashankari
Shift B,600F/53,600F,238.4,2,13:30:00,0,0,119.2,11.92,131.12,119.2,Complex,Rest stop after 96 at Banashankari
Night Halt,600F/57,600F,238.4,2,13:45:00,0,0,119.2,11.92,131.12,119.2,Complex,Rest stop at ATB 68 km
Night Halt,600F/6,600F,238.4,2,13:45:00,0,0,119.2,11.92,131.12,119.2,Complex,Rest stop at ATB 68 km
Shift A,600F/66,600F,119.2,1,06:45:00,0,0,119.2,11.92,131.12,119.2,Complex,Rest stop after 80 at Banashankari
Shift B,600F/66,600F,238.4,2,13:10:00,0,0,119.2,11.92,131.12,119.2,Complex,Rest stop after 96 at Banashankari
Night Halt,600F/67,600F,215.9,2,12:30:00,0,0,107.95,10.8,118.75,119.2,Complex,Rest stop at ATB 68 km
Night Halt,600F/68,600F,238.4,2,13:45:00,0,0,119.2,11.92,131.12,119.2,Complex,Rest stop at ATB 68 km
Night Halt,600F/69,600F,238.4,2,13:45:00,0,0,119.2,11.92,131.12,119.2,Complex,Rest stop at ATB 68 km
Night Halt,600F/72,600F,238.4,2,13:45:00,0,0,119.2,11.92,131.12,119.2,Complex,Rest stop at ATB 68 km
Night Halt,600F/74,600F,238.4,2,13:45:00,0,0,119.2,11.92,131.12,119.2,Complex,Rest stop at ATB 68 km
Night Halt,600F/75,600F,238.4,2,13:45:00,0,0,119.2,11.92,131.12,119.2,Complex,Rest stop at ATB 68 km
Night Halt,600F/78,600F,238.4,2,13:45:00,0,0,119.2,11.92,131.12,119.2,Complex,Rest stop at ATB 68 km
Night Halt,600F/79,600F,238.4,2,13:45:00,0,0,119.2,11.92,131.12,119.2,Complex,Rest stop at ATB 68 km
Night Halt,600F/8,600F,238.4,2,13:45:00,0,0,119.2,11.92,131.12,119.2,Complex,Rest stop at ATB 68 km
Shift A,600F/80,600F,119.2,1,06:45:00,0,0,119.2,11.92,131.12,119.2,Complex,Rest stop after 80 at Banashankari
Shift B,600F/80,600F,119.2,1,06:45:00,0,0,119.2,11.92,131.12,119.2,Complex,Rest stop after 96 at Banashankari
Night Halt,600F/81,600F,238.4,2,13:35:00,0,0,119.2,11.92,131.12,119.2,Complex,Rest stop at ATB 68 km
Night Halt,600F/91,600F,238.4,2,13:00:00,0,0,119.2,11.92,131.12,119.2,Complex,Rest stop at ATB 68 km
Night Halt,600F/92,600F,238.4,3,12:25:00,0,0,119.2,11.92,131.12,119.2,Complex,Rest stop at ATB 68 km
Night Halt,600F/93,600F,238.4,0,13:00:00,0,0,119.2,11.92,131.12,119.2,Complex,Rest stop at ATB 68 km
Night Halt,600F/94,600F,238.4,2,13:00:00,0,0,119.2,11.92,131.12,119.2,Complex,Rest stop at ATB 68 km
Night Halt,600F/95,600F,238.4,2,13:00:00,0,0,119.2,11.92,131.12,119.2,Complex,Rest stop at ATB 68 km
Shift B,360K/15,360K,120.0,1,06:45:00,0,0,120.0,12.0,132.0,120.0,Complex,rest stop after 90 KBS
Shift B,360K/3,360K,120.0,1,06:35:00,0,0,120.0,12.0,132.0,120.0,Complex,rest stop after 90 KBS
Shift B,360K/30,360K,120.0,1,06:45:00,0,0,120.0,12.0,132.0,120.0,Complex,rest stop after 90 KBS
Shift B,360k/38,360k,120.0,1,06:35:00,0,0,120.0,12.0,132.0,120.0,Complex,rest stop after 90 KBS
Shift B,360K/4,360K,120.0,1,06:35:00,0,0,120.0,12.0,132.0,120.0,Complex,rest stop after 90 KBS
Night Halt,361C/1,361C,257.8,2,14:00:00,0,0,128.9,12.89,141.79,128.9,Complex,51.4 km Rest stop at KMT
Night Halt,361C/11,361C,257.8,3,14:00:00,0,0,128.9,12.89,141.79,128.9,Complex,51.4 km Rest stop at KMT
Night Halt,361C/2,361C,257.8,2,14:00:00,0,0,128.9,12.89,141.79,128.9,Complex,51.4 km Rest stop at KMT
Night Halt,361C/3,361C,257.8,2,14:00:00,0,0,128.9,12.89,141.79,128.9,Complex,51.4 km Rest stop at KMT
Night Halt,361C/4,361C,257.8,2,14:00:00,0,0,128.9,12.89,141.79,128.9,Complex,51.4 km Rest stop at KMT
Night Halt,361C/6,361C,257.8,2,14:00:00,0,0,128.9,12.89,141.79,128.9,Complex,51.4 km Rest stop at KMT
Night Halt,361C/7,361C,257.8,2,14:00:00,0,0,128.9,12.89,141.79,128.9,Complex,51.4 km Rest stop at KMT
Night Halt,361C/8,361C,257.8,2,13:10:00,0,0,128.9,12.89,141.79,128.9,Complex,51.4 km Rest stop at KMT
Night Halt,361C/9,361C,257.8,2,13:10:00,0,0,128.9,12.89,141.79,128.9,Complex,51.4 km Rest stop at KMT
Night Halt,328H/4,328H,290.0,2,12:55:00,1,1,145.0,14.5,159.5,132.2,Complex,1 rest stoop at HSK 52.3
Night Halt,328H/7,328H,290.0,2,13:05:00,1,1,145.0,14.5,159.5,132.2,Complex,1 rest stoop at HSK 52.3
Night Halt,328H/8,328H,290.0,2,12:55:00,1,1,145.0,14.5,159.5,132.2,Complex,1 rest stoop at HSK 52.3
Shift A,360K/15,360K,133.6,1,06:40:00,0,0,133.6,13.36,146.96,133.6,Complex,102 km rest stop in KBS
Shift A,360K/3,360K,133.6,1,06:40:00,0,0,133.6,13.36,146.96,133.6,Complex,102 km rest stop in KBS
Shift A,360K/30,360K,133.6,1,06:40:00,0,0,133.6,13.36,146.96,133.6,Complex,102 km rest stop in KBS
Shift A,360K/38,360K,133.6,1,06:40:00,0,0,133.6,13.36,146.96,133.6,Complex,102 km rest stop in KBS
Shift A,360K/4,360K,133.6,1,06:40:00,0,0,133.6,13.36,146.96,133.6,Complex,102 km rest stop in KBS
Night Halt,399C/5,399C,265.5,3,12:25:00,0,0,132.75,13.28,146.03,135.0,Complex,Rest stop after 100.4 KBS
Night Halt,399C/6,399C,265.5,3,12:20:00,0,0,132.75,13.28,146.03,135.0,Complex,Rest stop after 100.4 KBS
Night Halt,356Z/3,356Z,252.0,3,12:05:00,0,0,126.0,12.6,138.6,137.2,Complex,Chandapura to Anekal 12trips
Shift B,356Z/6,356Z,137.2,0,06:25:00,0,0,137.2,13.72,150.92,137.2,Complex,
Shift B,356Z/7,356Z,137.2,1,06:25:00,0,0,137.2,13.72,150.92,137.2,Complex,Rest stop after 68 at CPR
Night Halt,356Z/8,356Z,252.0,2,12:00:00,0,0,126.0,12.6,138.6,137.2,Complex,Chandapura to Anekal 12trips
Night Halt,399C/3,399C,283.8,2,12:15:00,0,0,141.9,14.19,156.09,141.9,Complex,Rest stop at Annekal at 65.9 km
Night Halt,399C/4,399C,283.8,2,12:20:00,0,0,141.9,14.19,156.09,141.9,Complex,Rest stop at Annekal at 65.9 km
Night Halt,328H/1,328H,291.4,2,13:00:00,0,0,145.7,14.57,160.27,145.7,Complex,1 rest stoop at HSK 65.7
Night Halt,328H/12,328H,291.4,3,12:15:00,0,0,145.7,14.57,160.27,145.7,Complex,1 rest stoop at HSK 65.7
Night Halt,328H/14,328H,291.4,3,12:15:00,0,0,145.7,14.57,160.27,145.7,Complex,1 rest stoop at HSK 65.7
Night Halt,328H/19,328H,291.4,3,12:15:00,0,0,145.7,14.57,160.27,145.7,Complex,1 rest stoop at HSK 65.7
Night Halt,328H/21,328H,291.4,3,12:15:00,0,0,145.7,14.57,160.27,145.7,Complex,1 rest stoop at HSK 65.7
Night Halt,328H/25,328H,291.4,3,12:15:00,0,0,145.7,14.57,160.27,145.7,Complex,1 rest stoop at HSK 65.7
Night Halt,328H/28,328H,291.4,3,12:15:00,0,0,145.7,14.57,160.27,145.7,Complex,1 rest stoop at HSK 65.7
Night Halt,328H/3,328H,291.4,3,12:15:00,0,0,145.7,14.57,160.27,145.7,Complex,2 rest stop Attibele & HSK(65.7 km at HSK)
Night Halt,328H/9,328H,289.4,2,12:10:00,0,0,144.7,14.47,159.17,145.7,Complex,1 rest stoop at HSK 65.7
Night Halt,KBS3F/15,KBS3F,279.3,2,13:15:00,0,0,139.65,13.97,153.62,146.9,Complex,Rest stop ATB 66.2 km
Night Halt,KBS3F/16,KBS3F,279.3,2,13:20:00,0,0,139.65,13.97,153.62,146.9,Complex,Rest stop ATB 66.2 km
Night Halt,KBS3F/17,KBS3F,279.3,2,13:05:00,0,0,139.65,13.97,153.62,146.9,Complex,Rest stop ATB 66.2 km
Night Halt,KBS3F/18,KBS3F,279.3,2,12:50:00,0,0,139.65,13.97,153.62,146.9,Complex,Rest stop ATB 66.2 km
