schedule_id,route,shift,fix_bm,fix_reg_no,swap_bm,swap_reg_no,out_time,in_time
328H/1,328H,Night Halt,BM153,KA51AH4643,BM024,KA51AH2619,13:10:00,10:30:00
328H/10,328H,Night Halt,BM285,KA51AH6252,BM285,KA51AH6252,13:45:00,11:45:00
328H/12,328H,Night Halt,BM224,KA51AH8185,BM224,KA51AH8185,13:50:00,11:10:00
328H/13,328H,Night Halt,BM283,KA51AH6249,BM075,KA51AH3122,14:00:00,12:00:00
328H/14,328H,Night Halt,BM222,KA51AH8183,BM222,KA51AH8183,14:00:00,11:20:00
328H/16,328H,Night Halt,BM227,KA51AH4544,BM124,KA51AH4146,14:15:00,12:15:00
328H/19,328H,Night Halt,BM279,KA51AH6244,BM279,KA51AH6244,14:10:00,11:30:00
328H/2,328H,Night Halt,BM294,KA51AH6777,BM294,KA51AH6777,13:00:00,10:45:00
328H/20,328H,Night Halt,BM204,KA51AH7666,,,14:30:00,12:30:00
328H/21,328H,Night Halt,BM191,KA51AH6038,BM119,KA51AH4129,15:20:00,11:50:00
328H/22,328H,Night Halt,BM157,KA51AH4800,BM058,KA51AH3603,15:00:00,13:00:00
328H/23,328H,Night Halt,BM212,KA51AH7779,BM212,KA51AH7779,14:45:00,12:45:00
328H/25,328H,Night Halt,BM088,KA51AH3127,BM010,KA51AH2424,16:00:00,12:20:00
328H/28,328H,Night Halt,BM012,KA51AH2551,BM038,KA51AH2741,15:40:00,12:00:00
328H/3,328H,Night Halt,BM183,KA51AH5825,BM068,KA51AH3266,13:20:00,10:40:00
328H/4,328H,Night Halt,BM124,KA51AH4146,BM185,KA51AH5820,15:50:00,13:50:00
328H/6,328H,Night Halt,BM068,KA51AH3266,BM057,KA51AH2956,13:20:00,11:25:00
328H/7,328H,Night Halt,BM185,KA51AH5820,BM227,KA51AH4544,15:30:00,13:30:00
328H/8,328H,Night Halt,BM057,KA51AH2956,BM157,KA51AH4800,15:10:00,13:10:00
328H/9,328H,Night Halt,BM207,KA51AH7671,BM207,KA51AH7671,13:30:00,10:50:00
356Z/3,356Z,Night Halt,BM238,KA51AH4540,BM278,KA51AH6246,14:25:00,12:10:00
356Z/6,356Z,Shift B,BM217,KA51AH8284,BM256,KA51AH8284,14:00:00,13:15:00
356Z/7,356Z,Shift B,BM256,KA51AH5641,BM205,KA51AH5641,13:45:00,13:00:00
356Z/8,356Z,Night Halt,BM218,KA51AH8182,BM303,KA51AJ0138,14:35:00,12:20:00
360K/15,360K,Shift B,BM291,KA51AH6466,BM264,KA51AH6466,14:25:00,13:40:00
360K/3,360K,Shift B,BM205,KA51AH7673,BM056,KA51AH7673,14:05:00,13:20:00
360K/30,360K,Shift B,BM292,KA51AH6468,BM198,KA51AH6468,14:35:00,13:50:00
360K/38,360K,Shift B,BM199,KA51AH7662,BM005,KA51AH7662,14:45:00,14:00:00
360K/4,360K,Shift B,BM282,KA51AH7667,BM080,KA51AH7667,14:15:00,13:30:00
361C/1,361C,Night Halt,BM299,KA51AH7663,BM299,KA51AH7663,13:10:00,11:40:00
361C/11,361C,Night Halt,BM304,KA51AJ0137,BM304,KA51AJ0137,14:30:00,13:00:00
361C/2,361C,Night Halt,BM054,KA51AH2951,BM054,KA51AH2951,13:30:00,12:00:00
361C/3,361C,Night Halt,BM289,KA51AH6471,BM289,KA51AH6471,13:50:00,12:20:00
361C/4,361C,Night Halt,BM020,KA51AH2556,BM191,KA51AH6038,14:10:00,12:40:00
361C/6,361C,Night Halt,BM225,KA51AH8349,BM225,KA51AH8349,14:50:00,13:20:00
361C/7,361C,Night Halt,BM280,KA51AH6247,BM280,KA51AH6247,15:10:00,13:40:00
361C/8,361C,Night Halt,BM303,KA51AJ0138,BM174,KA51AH5823,15:30:00,14:00:00
361C/9,361C,Night Halt,BM174,KA51AH5823,BM204,KA51AH7666,15:50:00,14:20:00
399C/3,399C,Night Halt,BM216,KA51AH8281,BM088,KA51AH3127,13:15:00,11:10:00
399C/4,399C,Night Halt,BM282,KA51AH7667,BM216,KA51AH8281,14:00:00,12:25:00
399C/5,399C,Night Halt,BM272,KA51AH6097,BM272,KA51AH6097,14:40:00,13:50:00
399C/6,399C,Night Halt,BM286,KA51AH6469,BM286,KA51AH6469,15:35:00,13:45:00
600F/16,600F,General,BM003,KA51AH2423,,,,
600F/17,600F,General,BM277,KA51AH6245,,,,
600F/21,600F,General,BM298,KA51AH6778,,,,
600F/26,600F,General,BM258,KA51AH5643,,,,
600F/27,600F,General,BM208,KA51AH7775,,,,
600F/3,600F,General,BM249,KA51AH6029,,,,
600F/31,600F,General,BM265,KA51AH5723,,,,
600F/32,600F,Night Halt,BM002,KA51AH2434,BM086,KA51AH3125,16:25:00,14:55:00
600F/42,600F,General,BM261,KA51AH5717,,,,
600F/43,600F,General,BM203,KA51AH7670,,,,
600F/45,600F,General,BM010,KA51AH2424,,,,
600F/49,600F,Night Halt,BM255,KA51AH5640,BM255,KA51AH5640,13:35:00,12:05:00
600F/5,600F,Night Halt,BM274,KA51AH6099,BM274,KA51AH6099,13:55:00,12:25:00
600F/51,600F,Night Halt,BM273,KA51AH6098,BM273,KA51AH6098,13:45:00,12:15:00
600F/52,600F,Night Halt,BM281,KA51AH6251,BM281,KA51AH6251,13:15:00,11:45:00
600F/53,600F,Shift B,BM264,KA51AH6037,BM291,KA51AH6037,14:30:00,13:45:00
600F/57,600F,Night Halt,BM215,KA51AH8346,,,13:25:00,11:55:00
600F/6,600F,Night Halt,BM202,KA51AH7658,BM202,KA51AH7658,14:05:00,12:35:00
600F/66,600F,Shift B,BM198,KA51AH7664,BM292,KA51AH7664,14:40:00,13:55:00
600F/67,600F,Night Halt,BM288,KA51AH7672,BM203,KA51AH7670,15:35:00,14:05:00
600F/68,600F,Night Halt,BM024,KA51AH2619,BM288,KA51AH7672,15:45:00,14:15:00
600F/69,600F,Night Halt,BM240,KA51AH4789,BM240,KA51AH4789,15:55:00,14:25:00
600F/72,600F,Night Halt,BM300,KA51AH6782,BM300,KA51AH6782,14:15:00,12:45:00
600F/74,600F,Night Halt,BM271,KA51AH6095,BM271,KA51AH6095,14:35:00,13:05:00
600F/75,600F,Night Halt,BM058,KA51AH3603,BM214,KA51AH8348,14:45:00,13:15:00
600F/78,600F,Night Halt,BM001,KA51AH4144,BM297,KA51AH6472,16:05:00,14:35:00
600F/79,600F,Night Halt,BM295,KA51AH6780,BM245,KA51AH4799,14:55:00,13:25:00
600F/8,600F,Night Halt,BM290,KA51AH6467,BM290,KA51AH6467,14:25:00,12:55:00
600F/80,600F,Shift B,BM056,KA51AH2953,BM217,KA51AH2953,14:15:00,13:30:00
600F/81,600F,Night Halt,BM003,KA51AH2423,BM292,KA51AH6468,16:15:00,14:45:00
600F/91,600F,Night Halt,BM248,KA51AH4797,BM248,KA51AH4797,12:30:00,10:40:00
600F/92,600F,Night Halt,BM278,KA51AH6246,BM283,KA51AH6249,12:40:00,10:55:00
600F/93,600F,Night Halt,BM200,KA51AH7659,BM200,KA51AH7659,12:50:00,11:05:00
600F/94,600F,Night Halt,BM201,KA51AH7656,BM215,KA51AH8346,13:00:00,11:15:00
600F/95,600F,Night Halt,BM223,KA51AH8283,BM223,KA51AH8283,13:10:00,11:25:00
KBS3A/2,KBS3A,Night Halt,BM086,KA51AH3125,BM081,KA51AH3129,13:35:00,10:35:00
KBS3A/20,KBS3A,Night Halt,BM268,KA51AH6035,BM268,KA51AH6035,13:45:00,10:45:00
KBS3A/23,KBS3A,Night Halt,BM259,KA51AH5642,BM259,KA51AH5642,13:55:00,10:55:00
KBS3A/26,KBS3A,Night Halt,BM210,KA51AH8350,BM210,KA51AH8350,14:05:00,11:05:00
KBS3A/77,KBS3A,Night Halt,BM062,KA51AH3269,BM062,KA51AH3269,14:35:00,11:35:00
KBS3A/78,KBS3A,Night Halt,BM245,KA51AH4799,BM005,KA51AH2421,14:45:00,11:45:00
KBS3A/79,KBS3A,Night Halt,BM297,KA51AH6472,BM209,KA51AH7668,14:55:00,11:55:00
KBS3A/8,KBS3A,Night Halt,BM152,KA51AH4652,BM152,KA51AH4652,14:15:00,11:15:00
KBS3A/80,KBS3A,Night Halt,BM010,KA51AH2424,BM020,KA51AH2556,15:05:00,12:05:00
KBS3A/9,KBS3A,Night Halt,BM209,KA51AH7668,BM201,KA51AH7656,14:25:00,11:25:00
KBS3F/15,KBS3F,Night Halt,BM293,KA51AH6470,BM293,KA51AH6470,14:10:00,12:00:00
KBS3F/16,KBS3F,Night Halt,BM082,KA51AH3131,BM082,KA51AH3131,13:50:00,11:40:00
KBS3F/17,KBS3F,Night Halt,BM275,KA51AH6096,BM275,KA51AH6096,15:45:00,12:50:00
KBS3F/18,KBS3F,Night Halt,BM250,KA51AH4801,BM250,KA51AH4801,16:00:00,13:05:00
